date,Clean Spark Spread,Clean Dark Spread
2019-01-01,-59.93,-54.42
2019-01-02,-29.74,-24.5
2019-01-03,2.47,7.41
2019-01-04,-6.72,-0.4
2019-01-05,-13.48,-8.28
2019-01-06,-0.14,4.08
2019-01-07,-1.91,1.66
2019-01-08,-20.52,-15.74
2019-01-09,-14.18,-10.01
2019-01-10,13.44,17.56
2019-01-11,-5.43,-0.28
2019-01-12,-14.15,-9.72
2019-01-13,-39.45,-35.43
2019-01-14,-21.54,-17.61
2019-01-15,-9.36,-4.91
2019-01-16,-9.63,-5.22
2019-01-17,-14.01,-7.59
2019-01-18,5.66,11.23
2019-01-19,-0.11,4.8
2019-01-20,-1.03,3.29
2019-01-21,15.56,19.38
2019-01-22,8.49,12.46
2019-01-23,21.21,24.58
2019-01-24,32.55,35.11
2019-01-25,13.89,16.05
2019-01-26,-3.33,-1.57
2019-01-27,-16.79,-15.22
2019-01-28,-1.65,-0.03
2019-01-29,8.22,9.76
2019-01-30,1.81,2.74
2019-01-31,8.57,9.43
2019-02-01,6.07,5.07
2019-02-02,0.73,-0.52
2019-02-03,-2.79,-4.0
2019-02-04,-5.51,-6.42
2019-02-05,4.6,3.24
2019-02-06,2.61,0.65
2019-02-07,-4.21,-6.17
2019-02-08,-5.76,-9.16
2019-02-09,-40.45,-43.97
2019-02-10,-19.12,-22.77
2019-02-11,-15.06,-18.94
2019-02-12,0.25,-4.06
2019-02-13,-1.55,-5.58
2019-02-14,2.67,-1.8
2019-02-15,0.5,-3.28
2019-02-16,-7.43,-11.63
2019-02-17,-7.13,-11.81
2019-02-18,0.68,-4.49
2019-02-19,-4.94,-9.5
2019-02-20,-0.48,-5.24
2019-02-21,-2.68,-7.62
2019-02-22,1.46,-3.66
2019-02-23,-5.43,-10.77
2019-02-24,-5.4,-10.93
2019-02-25,-0.81,-6.42
2019-02-26,-0.45,-6.17
2019-02-27,-1.97,-6.61
2019-02-28,-5.93,-10.57
2019-03-01,-0.59,-5.0
2019-03-02,-5.24,-9.73
2019-03-03,-36.31,-40.76
2019-03-04,-33.27,-37.62
2019-03-05,-14.06,-19.68
2019-03-06,-10.13,-16.26
2019-03-07,-15.65,-22.28
2019-03-08,-18.4,-24.83
2019-03-09,-36.71,-43.06
2019-03-10,-27.09,-33.54
2019-03-11,-5.83,-12.55
2019-03-12,-7.47,-14.54
2019-03-13,-24.97,-32.99
2019-03-14,-9.86,-18.56
2019-03-15,-16.46,-25.85
2019-03-16,-24.26,-33.89
2019-03-17,-40.87,-50.69
2019-03-18,-9.19,-19.13
2019-03-19,4.31,-5.7
2019-03-20,-0.38,-9.4
2019-03-21,-1.18,-11.2
2019-03-22,0.35,-10.61
2019-03-23,-4.35,-15.56
2019-03-24,-6.24,-17.72
2019-03-25,-7.15,-18.89
2019-03-26,-3.32,-14.79
2019-03-27,-0.8,-11.16
2019-03-28,2.46,-9.08
2019-03-29,-0.02,-11.58
2019-03-30,-4.47,-16.19
2019-03-31,-10.54,-22.62
2019-04-01,-0.8,-13.46
2019-04-02,-4.18,-17.64
2019-04-03,2.82,-9.2
2019-04-04,1.24,-9.46
2019-04-05,-2.01,-9.21
2019-04-06,-5.61,-12.97
2019-04-07,-5.6,-13.33
2019-04-08,1.17,-7.01
2019-04-09,-2.59,-9.42
2019-04-10,0.16,-8.58
2019-04-11,1.6,-6.71
2019-04-12,2.04,-6.45
2019-04-13,-0.92,-9.95
2019-04-14,-4.56,-14.12
2019-04-15,0.55,-9.54
2019-04-16,0.69,-9.82
2019-04-17,-0.84,-10.6
2019-04-18,0.68,-10.72
2019-04-19,-6.32,-17.7
2019-04-20,-5.63,-16.91
2019-04-21,-8.54,-19.84
2019-04-22,-54.13,-65.54
2019-04-23,-25.36,-36.86
2019-04-24,-5.1,-17.09
2019-04-25,-1.1,-12.54
2019-04-26,3.38,-8.28
2019-04-27,-8.25,-19.51
2019-04-28,-5.22,-16.41
2019-04-29,2.77,-8.61
2019-04-30,2.48,-8.83
2019-05-01,-14.76,-26.28
2019-05-02,-2.14,-13.88
2019-05-03,0.17,-11.06
2019-05-04,-0.81,-12.04
2019-05-05,-9.64,-21.08
2019-05-06,4.35,-7.5
2019-05-07,10.73,-1.34
2019-05-08,-0.58,-12.35
2019-05-09,4.97,-6.52
2019-05-10,5.4,-6.95
2019-05-11,-1.64,-14.01
2019-05-12,-19.68,-32.21
2019-05-13,0.27,-12.56
2019-05-14,2.01,-10.84
2019-05-15,1.75,-11.01
2019-05-16,1.55,-12.2
2019-05-17,5.76,-9.02
2019-05-18,-0.01,-14.5
2019-05-19,-1.85,-16.33
2019-05-20,9.06,-5.69
2019-05-21,6.42,-8.71
2019-05-22,3.38,-11.95
2019-05-23,4.05,-11.3
2019-05-24,4.53,-11.46
2019-05-25,0.62,-15.07
2019-05-26,-14.58,-30.16
2019-05-27,-0.95,-16.63
2019-05-28,6.91,-8.73
2019-05-29,5.81,-10.38
2019-05-30,-19.19,-36.06
2019-05-31,0.52,-16.26
2019-06-01,-4.78,-21.85
2019-06-02,-12.33,-29.96
2019-06-03,3.25,-15.02
2019-06-04,2.43,-12.91
2019-06-05,3.22,-14.06
2019-06-06,1.35,-15.39
2019-06-07,1.67,-14.14
2019-06-08,-78.36,-94.12
2019-06-09,-13.81,-29.39
2019-06-10,-5.14,-20.46
2019-06-11,9.26,-7.13
2019-06-12,8.84,-7.89
2019-06-13,3.03,-13.42
2019-06-14,6.17,-10.47
2019-06-15,-4.98,-21.37
2019-06-16,-4.52,-20.8
2019-06-17,5.89,-10.43
2019-06-18,7.56,-9.88
2019-06-19,7.5,-10.89
2019-06-20,3.05,-15.56
2019-06-21,6.45,-13.1
2019-06-22,-1.05,-20.38
2019-06-23,-12.2,-31.1
2019-06-24,0.91,-17.27
2019-06-25,9.23,-11.31
2019-06-26,6.06,-13.26
2019-06-27,5.13,-16.36
2019-06-28,13.1,-8.39
2019-06-29,2.21,-18.82
2019-06-30,-16.6,-36.95
2019-07-01,0.54,-19.09
2019-07-02,1.28,-18.71
2019-07-03,2.42,-17.43
2019-07-04,1.28,-18.1
2019-07-05,1.16,-16.96
2019-07-06,-4.83,-22.37
2019-07-07,-10.41,-27.48
2019-07-08,0.13,-16.58
2019-07-09,2.24,-14.91
2019-07-10,5.49,-10.74
2019-07-11,7.98,-6.3
2019-07-12,6.91,-6.94
2019-07-13,-0.89,-14.95
2019-07-14,-2.32,-16.59
2019-07-15,3.82,-10.68
2019-07-16,8.26,-9.46
2019-07-17,12.05,-6.44
2019-07-18,10.66,-8.29
2019-07-19,11.38,-7.55
2019-07-20,2.08,-17.18
2019-07-21,-1.05,-20.74
2019-07-22,10.47,-9.78
2019-07-23,13.21,-5.94
2019-07-24,18.67,-1.94
2019-07-25,18.14,-2.34
2019-07-26,12.74,-8.12
2019-07-27,4.49,-16.16
2019-07-28,0.51,-20.25
2019-07-29,14.03,-7.11
2019-07-30,13.09,-8.06
2019-07-31,17.02,-4.32
2019-08-01,8.05,-8.11
2019-08-02,7.86,-9.02
2019-08-03,0.83,-16.02
2019-08-04,-0.08,-17.25
2019-08-05,11.35,-6.25
2019-08-06,8.2,-10.49
2019-08-07,6.1,-11.69
2019-08-08,-1.38,-17.89
2019-08-09,2.8,-13.89
2019-08-10,-23.12,-40.01
2019-08-11,-20.88,-38.11
2019-08-12,6.34,-11.33
2019-08-13,2.28,-14.64
2019-08-14,4.37,-13.98
2019-08-15,-3.94,-22.33
2019-08-16,1.71,-17.19
2019-08-17,-7.64,-26.29
2019-08-18,-6.05,-24.84
2019-08-19,0.82,-18.5
2019-08-20,5.31,-13.09
2019-08-21,6.76,-11.25
2019-08-22,2.25,-16.64
2019-08-23,4.02,-15.5
2019-08-24,-0.73,-20.29
2019-08-25,-2.1,-21.95
2019-08-26,13.2,-7.28
2019-08-27,14.25,-6.56
2019-08-28,18.27,-2.18
2019-08-29,10.78,-8.96
2019-08-30,7.68,-12.13
2019-08-31,-2.52,-18.87
2019-09-01,-8.58,-22.08
2019-09-02,-2.02,-13.3
2019-09-03,-6.1,-17.09
2019-09-04,-9.86,-18.59
2019-09-05,-10.18,-20.88
2019-09-06,-4.0,-19.75
2019-09-07,-0.43,-15.74
2019-09-08,0.58,-14.78
2019-09-09,9.3,-6.57
2019-09-10,-12.4,-16.78
2019-09-11,-13.26,-19.33
2019-09-12,-3.68,-15.49
2019-09-13,-2.99,-14.18
2019-09-14,-8.81,-16.8
2019-09-15,-24.25,-29.43
2019-09-16,-3.86,-6.77
2019-09-17,-5.43,-19.15
2019-09-18,-7.86,-15.93
2019-09-19,6.56,-9.05
2019-09-20,4.93,-10.69
2019-09-21,-6.26,-18.0
2019-09-22,-14.41,-22.79
2019-09-23,-3.06,-8.63
2019-09-24,0.46,-5.01
2019-09-25,3.6,-5.59
2019-09-26,5.36,-11.19
2019-09-27,2.79,-13.96
2019-09-28,-11.47,-27.43
2019-09-29,-24.44,-40.3
2019-09-30,-13.32,-29.85
2019-10-01,-2.89,-9.6
2019-10-02,-2.64,-10.45
2019-10-03,-3.1,-10.37
2019-10-04,0.98,-6.44
2019-10-05,-5.67,-12.78
2019-10-06,-10.43,-17.81
2019-10-07,2.34,-5.91
2019-10-08,-7.38,-14.91
2019-10-09,-7.01,-14.64
2019-10-10,-12.45,-19.84
2019-10-11,-17.95,-25.29
2019-10-12,-24.12,-31.0
2019-10-13,-21.63,-28.49
2019-10-14,-8.13,-15.44
2019-10-15,-0.66,-8.75
2019-10-16,-5.08,-13.35
2019-10-17,-0.54,-8.7
2019-10-18,-8.79,-16.84
2019-10-19,-10.81,-18.98
2019-10-20,-8.82,-17.24
2019-10-21,0.32,-8.54
2019-10-22,3.5,-5.24
2019-10-23,0.91,-7.71
2019-10-24,-4.73,-13.28
2019-10-25,-6.23,-15.4
2019-10-26,-21.57,-31.01
2019-10-27,-18.34,-28.37
2019-10-28,1.78,-9.13
2019-10-29,8.44,-3.72
2019-10-30,8.31,-4.21
2019-10-31,3.07,-9.24
2019-11-01,-12.18,-19.28
2019-11-02,-17.19,-24.02
2019-11-03,-18.2,-24.9
2019-11-04,-6.41,-13.2
2019-11-05,-3.0,-9.21
2019-11-06,7.36,0.52
2019-11-07,-1.48,-8.72
2019-11-08,3.42,-4.28
2019-11-09,-1.98,-9.26
2019-11-10,-2.67,-10.0
2019-11-11,-2.51,-10.31
2019-11-12,-0.41,-8.54
2019-11-13,4.61,-3.9
2019-11-14,2.58,-5.23
2019-11-15,-5.02,-12.48
2019-11-16,-4.41,-11.75
2019-11-17,-5.28,-12.88
2019-11-18,-0.32,-8.53
2019-11-19,4.62,-3.42
2019-11-20,10.57,2.81
2019-11-21,7.34,-0.3
2019-11-22,-0.31,-7.45
2019-11-23,-13.41,-19.95
2019-11-24,-10.63,-17.01
2019-11-25,6.92,0.22
2019-11-26,4.0,-3.45
2019-11-27,-4.42,-12.01
2019-11-28,-12.68,-20.9
2019-11-29,-3.17,-11.46
2019-11-30,-1.24,-8.82
2019-12-01,-0.81,-8.13
2019-12-02,2.92,-4.44
2019-12-03,8.27,1.03
2019-12-04,4.77,-3.04
2019-12-05,-0.94,-9.06
2019-12-06,-10.85,-20.08
2019-12-07,-16.94,-25.97
2019-12-08,-58.13,-67.32
2019-12-09,-18.29,-27.95
2019-12-10,-0.9,-10.9
2019-12-11,-1.79,-12.44
2019-12-12,3.19,-6.47
2019-12-13,-2.58,-13.62
2019-12-14,-16.11,-26.95
2019-12-15,-26.89,-37.74
2019-12-16,1.04,-9.98
2019-12-17,-4.36,-15.02
2019-12-18,-2.1,-12.07
2019-12-19,-7.88,-17.84
2019-12-20,-11.79,-23.0
2019-12-21,-12.18,-23.96
2019-12-22,-12.89,-25.54
2019-12-23,-13.96,-27.74
2019-12-24,-18.84,-31.3
2019-12-25,-11.63,-24.74
2019-12-26,-4.76,-18.53
2019-12-27,-0.09,-14.34
2019-12-28,-3.16,-17.29
2019-12-29,-6.83,-20.93
2019-12-30,-10.97,-25.06
2019-12-31,-3.63,-17.45
2020-01-01,-1.05,-15.1
2020-01-02,3.21,-11.17
2020-01-03,-11.45,-24.5
2020-01-04,-16.72,-29.95
2020-01-05,-0.98,-14.48
2020-01-06,2.11,-11.7
2020-01-07,5.13,-9.68
2020-01-08,-1.74,-16.27
2020-01-09,0.28,-14.13
2020-01-10,-0.52,-15.13
2020-01-11,-3.54,-17.86
2020-01-12,-12.84,-27.05
2020-01-13,2.13,-12.14
2020-01-14,-10.48,-26.21
2020-01-15,-8.91,-25.14
2020-01-16,4.29,-12.25
2020-01-17,3.2,-14.14
2020-01-18,-1.58,-18.86
2020-01-19,0.73,-16.73
2020-01-20,11.64,-6.24
2020-01-21,8.45,-8.96
2020-01-22,13.26,-4.71
2020-01-23,19.19,1.14
2020-01-24,17.86,0.08
2020-01-25,7.9,-9.48
2020-01-26,1.38,-16.0
2020-01-27,4.91,-12.86
2020-01-28,-1.51,-18.77
2020-01-29,1.62,-16.58
2020-01-30,2.12,-16.71
2020-01-31,-8.27,-27.04
2020-02-01,-23.47,-42.24
2020-02-02,-12.87,-31.88
2020-02-03,-1.76,-21.3
2020-02-04,-1.91,-21.24
2020-02-05,6.46,-13.38
2020-02-06,7.51,-12.5
2020-02-07,7.51,-12.58
2020-02-08,-0.8,-20.62
2020-02-09,-26.96,-47.05
2020-02-10,-20.31,-41.3
2020-02-11,-16.49,-37.67
2020-02-12,-9.15,-30.43
2020-02-13,8.39,-12.84
2020-02-14,6.89,-14.3
2020-02-15,-9.08,-29.32
2020-02-16,-38.17,-58.25
2020-02-17,-12.02,-32.73
2020-02-18,-8.58,-29.28
2020-02-19,-0.11,-20.71
2020-02-20,-2.36,-22.91
2020-02-21,-6.39,-27.08
2020-02-22,-31.84,-51.85
2020-02-23,-22.98,-43.07
2020-02-24,-1.06,-21.96
2020-02-25,-5.25,-25.92
2020-02-26,2.1,-18.42
2020-02-27,9.58,-10.78
2020-02-28,2.17,-18.13
2020-02-29,-20.01,-39.87
2020-03-01,-21.84,-41.61
2020-03-02,4.14,-15.67
2020-03-03,6.33,-12.37
2020-03-04,9.92,-9.5
2020-03-05,6.87,-12.79
2020-03-06,1.39,-17.93
2020-03-07,0.3,-19.46
2020-03-08,-11.38,-31.4
2020-03-09,8.93,-10.82
2020-03-10,-6.02,-25.75
2020-03-11,-7.34,-26.16
2020-03-12,-17.4,-35.53
2020-03-13,-12.78,-30.85
2020-03-14,1.59,-16.2
2020-03-15,-23.39,-41.07
2020-03-16,3.8,-13.8
2020-03-17,2.03,-16.13
2020-03-18,1.81,-15.34
2020-03-19,3.14,-14.53
2020-03-20,-0.14,-17.81
2020-03-21,-14.17,-30.96
2020-03-22,-25.5,-42.46
2020-03-23,-7.21,-25.35
2020-03-24,-3.87,-22.85
2020-03-25,-1.83,-20.68
2020-03-26,-2.37,-21.01
2020-03-27,-1.42,-20.61
2020-03-28,-8.52,-28.0
2020-03-29,-18.33,-38.21
2020-03-30,0.97,-19.6
2020-03-31,2.6,-18.31
2020-04-01,1.14,-19.74
2020-04-02,-2.94,-24.24
2020-04-03,-0.24,-21.7
2020-04-04,-3.17,-23.98
2020-04-05,-21.18,-42.16
2020-04-06,-7.07,-29.06
2020-04-07,-0.92,-22.74
2020-04-08,1.79,-20.4
2020-04-09,-1.16,-23.19
2020-04-10,-1.28,-23.31
2020-04-11,-3.31,-24.84
2020-04-12,-11.46,-33.01
2020-04-13,-39.62,-61.77
2020-04-14,-3.5,-25.51
2020-04-15,-2.52,-24.88
2020-04-16,1.42,-21.38
2020-04-17,3.43,-19.53
2020-04-18,-3.8,-26.32
2020-04-19,-16.33,-39.03
2020-04-20,-21.0,-44.56
2020-04-21,-38.39,-61.79
2020-04-22,-14.49,-38.54
2020-04-23,5.6,-19.08
2020-04-24,-0.81,-25.82
2020-04-25,-4.62,-28.72
2020-04-26,-2.61,-26.55
2020-04-27,3.98,-20.52
2020-04-28,3.05,-20.91
2020-04-29,1.36,-22.77
2020-04-30,-1.46,-25.09
2020-05-01,-14.58,-37.95
2020-05-02,-8.56,-31.71
2020-05-03,-6.89,-30.23
2020-05-04,5.51,-18.58
2020-05-05,1.05,-23.15
2020-05-06,0.71,-23.37
2020-05-07,2.68,-21.42
2020-05-08,2.74,-21.26
2020-05-09,1.06,-22.27
2020-05-10,-8.23,-31.58
2020-05-11,-6.62,-30.77
2020-05-12,2.55,-21.97
2020-05-13,10.39,-14.68
2020-05-14,3.06,-21.82
2020-05-15,1.33,-23.78
2020-05-16,-2.76,-27.51
2020-05-17,-10.22,-35.34
2020-05-18,0.1,-25.94
2020-05-19,4.9,-21.64
2020-05-20,13.11,-14.29
2020-05-21,1.92,-26.76
2020-05-22,0.95,-27.79
2020-05-23,-8.24,-35.85
2020-05-24,-45.25,-72.3
2020-05-25,-1.1,-28.14
2020-05-26,9.0,-19.16
2020-05-27,5.46,-23.37
2020-05-28,3.39,-25.64
2020-05-29,5.61,-23.44
2020-05-30,-5.3,-33.34
2020-05-31,-16.94,-44.09
2020-06-01,-13.29,-39.62
2020-06-02,8.19,-18.24
2020-06-03,6.79,-17.62
2020-06-04,4.34,-19.81
2020-06-05,1.03,-23.06
2020-06-06,-16.22,-40.76
2020-06-07,-4.9,-29.64
2020-06-08,9.19,-15.49
2020-06-09,15.47,-9.89
2020-06-10,10.05,-15.5
2020-06-11,2.73,-22.37
2020-06-12,-0.22,-25.54
2020-06-13,-1.53,-26.64
2020-06-14,-3.31,-28.02
2020-06-15,8.8,-15.2
2020-06-16,12.14,-12.79
2020-06-17,15.27,-9.68
2020-06-18,9.59,-16.71
2020-06-19,6.6,-18.43
2020-06-20,1.15,-24.33
2020-06-21,-3.11,-29.02
2020-06-22,7.3,-18.85
2020-06-23,9.45,-16.37
2020-06-24,11.87,-13.65
2020-06-25,11.51,-14.62
2020-06-26,12.22,-13.85
2020-06-27,3.84,-22.49
2020-06-28,-6.29,-32.78
2020-06-29,3.69,-22.8
2020-06-30,-5.57,-32.25
2020-07-01,8.09,-18.83
2020-07-02,14.62,-12.02
2020-07-03,10.23,-16.45
2020-07-04,-9.55,-36.68
2020-07-05,-40.54,-67.94
2020-07-06,-11.17,-38.56
2020-07-07,6.4,-20.71
2020-07-08,16.19,-11.22
2020-07-09,18.02,-9.46
2020-07-10,12.65,-15.59
2020-07-11,4.84,-23.97
2020-07-12,1.2,-27.89
2020-07-13,10.81,-18.21
2020-07-14,13.38,-15.76
2020-07-15,18.35,-10.08
2020-07-16,22.21,-5.35
2020-07-17,14.78,-13.2
2020-07-18,6.68,-21.79
2020-07-19,5.91,-22.53
2020-07-20,11.56,-16.28
2020-07-21,10.06,-17.78
2020-07-22,12.63,-15.08
2020-07-23,13.35,-14.3
2020-07-24,9.16,-17.86
2020-07-25,3.84,-24.02
2020-07-26,-8.75,-36.52
2020-07-27,11.5,-15.06
2020-07-28,1.28,-25.35
2020-07-29,-1.55,-27.81
2020-07-30,13.52,-12.27
2020-07-31,16.14,-10.15
2020-08-01,4.89,-21.46
2020-08-02,3.71,-21.52
2020-08-03,11.19,-11.8
2020-08-04,9.45,-12.68
2020-08-05,2.72,-19.3
2020-08-06,5.32,-15.25
2020-08-07,7.95,-12.74
2020-08-08,4.21,-17.93
2020-08-09,0.91,-21.52
2020-08-10,9.56,-12.06
2020-08-11,9.41,-12.28
2020-08-12,9.59,-12.42
2020-08-13,12.21,-9.14
2020-08-14,13.02,-6.89
2020-08-15,3.84,-17.37
2020-08-16,0.44,-20.79
2020-08-17,11.9,-8.02
2020-08-18,13.09,-6.08
2020-08-19,9.46,-10.13
2020-08-20,9.88,-9.92
2020-08-21,4.73,-16.09
2020-08-22,-3.99,-25.81
2020-08-23,-12.22,-33.85
2020-08-24,15.44,-4.81
2020-08-25,7.75,-12.0
2020-08-26,-13.46,-32.57
2020-08-27,15.67,-3.93
2020-08-28,7.64,-10.42
2020-08-29,2.68,-16.6
2020-08-30,0.97,-18.15
2020-08-31,21.29,3.77
2020-09-01,11.07,0.31
2020-09-02,14.75,-0.2
2020-09-03,0.96,-9.94
2020-09-04,-1.57,-10.92
2020-09-05,-5.72,-17.0
2020-09-06,-3.53,-15.49
2020-09-07,5.95,-5.46
2020-09-08,0.87,-11.22
2020-09-09,-1.31,-12.5
2020-09-10,13.24,-2.86
2020-09-11,10.78,-2.19
2020-09-12,-6.05,-20.06
2020-09-13,-18.62,-32.38
2020-09-14,13.41,1.21
2020-09-15,34.93,18.87
2020-09-16,14.4,1.88
2020-09-17,7.1,-3.7
2020-09-18,6.29,-7.56
2020-09-19,0.2,-13.94
2020-09-20,0.68,-12.48
2020-09-21,23.76,12.74
2020-09-22,17.1,3.56
2020-09-23,10.06,-2.2
2020-09-24,-0.77,-10.67
2020-09-25,2.45,-6.98
2020-09-26,-6.36,-16.58
2020-09-27,-10.03,-20.14
2020-09-28,6.63,-2.39
2020-09-29,21.62,9.94
2020-09-30,13.21,1.42
2020-10-01,2.27,-7.4
2020-10-02,-2.93,-13.25
2020-10-03,-22.43,-33.49
2020-10-04,-32.05,-42.8
2020-10-05,-7.34,-16.6
2020-10-06,-4.65,-14.17
2020-10-07,-3.34,-12.06
2020-10-08,-10.27,-18.34
2020-10-09,0.29,-7.52
2020-10-10,-8.5,-17.54
2020-10-11,-7.61,-16.63
2020-10-12,7.06,-0.73
2020-10-13,6.14,-1.92
2020-10-14,-4.15,-11.94
2020-10-15,0.66,-6.03
2020-10-16,6.09,0.06
2020-10-17,-0.25,-7.2
2020-10-18,-10.61,-17.42
2020-10-19,3.31,-2.2
2020-10-20,-6.21,-11.0
2020-10-21,-8.44,-12.77
2020-10-22,-9.66,-13.61
2020-10-23,1.9,-2.32
2020-10-24,-11.73,-17.32
2020-10-25,-27.82,-33.48
2020-10-26,-2.91,-7.42
2020-10-27,-6.43,-11.31
2020-10-28,-10.14,-15.1
2020-10-29,-7.15,-13.1
2020-10-30,-9.62,-15.61
2020-10-31,-8.41,-15.7
2020-11-01,-22.1,-29.76
2020-11-02,-15.26,-22.36
2020-11-03,-3.15,-10.51
2020-11-04,0.41,-6.87
2020-11-05,-2.41,-8.81
2020-11-06,0.73,-6.36
2020-11-07,-3.69,-12.32
2020-11-08,-3.36,-12.22
2020-11-09,4.76,-3.1
2020-11-10,7.84,0.48
2020-11-11,4.6,-2.58
2020-11-12,0.79,-6.44
2020-11-13,-0.07,-6.94
2020-11-14,-4.61,-12.77
2020-11-15,-34.08,-42.27
2020-11-16,-13.19,-20.11
2020-11-17,-1.44,-9.02
2020-11-18,-3.67,-12.05
2020-11-19,-11.94,-21.22
2020-11-20,5.02,-4.72
2020-11-21,-8.44,-19.12
2020-11-22,-9.26,-19.59
2020-11-23,3.9,-4.81
2020-11-24,1.44,-6.65
2020-11-25,6.21,-1.76
2020-11-26,15.74,7.5
2020-11-27,22.75,15.74
2020-11-28,4.78,-3.86
2020-11-29,3.05,-5.76
2020-11-30,9.87,2.3
2020-12-01,10.52,4.24
2020-12-02,32.43,23.74
2020-12-03,6.39,-1.67
2020-12-04,-1.24,-9.41
2020-12-05,4.11,-6.47
2020-12-06,1.2,-10.01
2020-12-07,3.92,-6.14
2020-12-08,20.19,10.21
2020-12-09,31.94,23.96
2020-12-10,26.34,17.33
2020-12-11,2.15,-6.0
2020-12-12,0.82,-7.99
2020-12-13,-2.98,-10.66
2020-12-14,-4.42,-9.11
2020-12-15,4.35,-2.79
2020-12-16,5.19,-2.73
2020-12-17,-1.73,-8.28
2020-12-18,-3.19,-9.63
2020-12-19,-13.05,-21.65
2020-12-20,-5.43,-14.14
2020-12-21,-6.51,-13.3
2020-12-22,-21.88,-24.78
2020-12-23,-5.21,-9.25
2020-12-24,-24.97,-29.09
2020-12-25,-14.8,-18.79
2020-12-26,-31.78,-36.85
2020-12-27,-65.59,-69.76
2020-12-28,-14.14,-15.39
2020-12-29,-5.68,-8.0
2020-12-30,-5.57,-6.37
2020-12-31,-6.12,-7.36
2021-01-01,-4.93,-5.92
2021-01-02,-3.27,-6.04
2021-01-03,-15.72,-18.24
2021-01-04,-6.83,-6.99
2021-01-05,4.46,1.01
2021-01-06,2.36,-2.22
2021-01-07,16.77,14.88
2021-01-08,22.32,22.04
2021-01-09,2.05,1.04
2021-01-10,-6.36,-6.03
2021-01-11,-11.63,-8.01
2021-01-12,-22.02,-10.11
2021-01-13,-15.65,-12.97
2021-01-14,13.08,15.23
2021-01-15,18.04,18.98
2021-01-16,1.74,0.09
2021-01-17,0.65,-1.76
2021-01-18,3.35,2.04
2021-01-19,-10.64,-10.22
2021-01-20,-19.36,-18.79
2021-01-21,-25.63,-26.01
2021-01-22,-15.9,-13.7
2021-01-23,-5.72,-6.26
2021-01-24,-7.28,-8.52
2021-01-25,5.38,5.42
2021-01-26,7.22,5.79
2021-01-27,3.53,2.35
2021-01-28,-1.77,-0.96
2021-01-29,-7.02,-5.69
2021-01-30,-6.39,-8.39
2021-01-31,-4.8,-8.14
2021-02-01,6.27,3.34
2021-02-02,2.3,-1.44
2021-02-03,-7.81,-13.75
2021-02-04,-0.88,-6.21
2021-02-05,-2.32,-7.56
2021-02-06,-18.57,-24.42
2021-02-07,-36.82,-41.55
2021-02-08,-13.92,-15.8
2021-02-09,9.15,5.44
2021-02-10,17.7,12.36
2021-02-11,27.41,19.99
2021-02-12,9.38,1.67
2021-02-13,1.22,-8.95
2021-02-14,-5.35,-16.13
2021-02-15,0.27,-9.25
2021-02-16,1.96,-7.03
2021-02-17,-0.25,-9.22
2021-02-18,-6.23,-13.6
2021-02-19,-1.94,-10.43
2021-02-20,-15.28,-26.11
2021-02-21,-16.08,-27.4
2021-02-22,1.22,-8.67
2021-02-23,-3.94,-13.62
2021-02-24,-11.76,-21.47
2021-02-25,-2.48,-12.63
2021-02-26,-0.65,-10.46
2021-02-27,-3.33,-14.9
2021-02-28,-6.19,-17.73
2021-03-01,1.51,-8.25
2021-03-02,4.84,-5.83
2021-03-03,4.49,-6.42
2021-03-04,5.48,-4.87
2021-03-05,3.73,-5.87
2021-03-06,-5.04,-16.36
2021-03-07,-4.79,-16.36
2021-03-08,12.12,1.69
2021-03-09,9.36,-0.34
2021-03-10,-2.27,-11.27
2021-03-11,-26.95,-34.98
2021-03-12,-33.27,-41.08
2021-03-13,-43.23,-52.97
2021-03-14,-39.0,-49.09
2021-03-15,-5.08,-13.93
2021-03-16,2.53,-6.6
2021-03-17,3.13,-6.14
2021-03-18,11.07,1.38
2021-03-19,3.58,-6.74
2021-03-20,-2.07,-13.74
2021-03-21,-18.53,-30.01
2021-03-22,5.99,-3.67
2021-03-23,7.46,-0.79
2021-03-24,0.51,-7.88
2021-03-25,4.72,-3.63
2021-03-26,-3.86,-12.37
2021-03-27,-30.47,-40.55
2021-03-28,-36.84,-47.11
2021-03-29,-14.21,-23.33
2021-03-30,-0.32,-8.76
2021-03-31,2.49,-6.26
2021-04-01,-4.56,-12.65
2021-04-02,-20.49,-28.87
2021-04-03,-17.57,-27.58
2021-04-04,-29.58,-39.86
2021-04-05,-74.4,-83.47
2021-04-06,-23.43,-31.37
2021-04-07,-7.33,-16.17
2021-04-08,0.62,-8.56
2021-04-09,-2.92,-12.49
2021-04-10,1.38,-9.61
2021-04-11,-9.31,-20.05
2021-04-12,4.14,-4.62
2021-04-13,-0.45,-9.27
2021-04-14,11.17,2.64
2021-04-15,7.26,-0.45
2021-04-16,2.63,-4.51
2021-04-17,0.58,-8.17
2021-04-18,1.82,-6.67
2021-04-19,14.67,8.46
2021-04-20,14.06,7.42
2021-04-21,-2.23,-9.3
2021-04-22,-17.11,-24.46
2021-04-23,1.4,-8.43
2021-04-24,-7.42,-19.58
2021-04-25,-22.85,-35.18
2021-04-26,1.6,-8.74
2021-04-27,-3.71,-11.29
2021-04-28,-1.93,-9.54
2021-04-29,-6.32,-12.11
2021-04-30,3.08,-3.42
2021-05-01,-10.36,-18.21
2021-05-02,-24.21,-31.35
2021-05-03,-6.57,-10.83
2021-05-04,-36.79,-42.51
2021-05-05,-37.3,-41.88
2021-05-06,-5.53,-9.19
2021-05-07,1.76,-3.27
2021-05-08,-19.87,-26.95
2021-05-09,-68.05,-74.76
2021-05-10,-15.28,-19.21
2021-05-11,-1.98,-5.32
2021-05-12,-7.64,-11.09
2021-05-13,-13.1,-16.49
2021-05-14,-5.87,-9.36
2021-05-15,-17.13,-23.53
2021-05-16,-37.13,-43.93
2021-05-17,-2.97,-7.59
2021-05-18,1.87,-4.19
2021-05-19,10.95,2.09
2021-05-20,-1.91,-8.38
2021-05-21,-40.12,-46.45
2021-05-22,-78.68,-87.99
2021-05-23,-50.68,-60.28
2021-05-24,-40.36,-47.44
2021-05-25,-15.47,-19.87
2021-05-26,-10.15,-14.65
2021-05-27,-0.92,-6.99
2021-05-28,1.54,-4.59
2021-05-29,-15.66,-24.88
2021-05-30,-34.38,-43.88
2021-05-31,-4.85,-11.68
2021-06-01,-6.21,-12.43
2021-06-02,-6.52,-13.07
2021-06-03,-10.88,-18.09
2021-06-04,-1.44,-7.88
2021-06-05,-11.3,-20.84
2021-06-06,-15.03,-24.67
2021-06-07,2.25,-4.36
2021-06-08,-1.14,-5.7
2021-06-09,-2.59,-7.31
2021-06-10,-1.34,-5.71
2021-06-11,0.17,-5.88
2021-06-12,-39.59,-48.16
2021-06-13,-60.2,-68.27
2021-06-14,-6.22,-10.66
2021-06-15,4.45,-1.17
2021-06-16,7.11,0.67
2021-06-17,-0.87,-6.94
2021-06-18,-1.06,-5.6
2021-06-19,-11.37,-18.52
2021-06-20,-23.32,-30.62
2021-06-21,-4.41,-9.15
2021-06-22,0.32,-3.26
2021-06-23,6.27,3.6
2021-06-24,7.53,4.95
2021-06-25,1.68,-0.35
2021-06-26,-8.31,-13.44
2021-06-27,-23.37,-28.76
2021-06-28,0.25,-2.54
2021-06-29,0.78,-0.09
2021-06-30,1.23,-0.4
2021-07-01,-7.79,-4.8
2021-07-02,0.2,2.34
2021-07-03,-14.29,-14.04
2021-07-04,-16.45,-15.32
2021-07-05,-7.09,-2.23
2021-07-06,-11.23,-12.22
2021-07-07,11.47,7.23
2021-07-08,19.78,17.46
2021-07-09,-5.64,-1.87
2021-07-10,-14.9,-15.16
2021-07-11,-15.89,-17.25
2021-07-12,1.53,1.99
2021-07-13,1.11,2.11
2021-07-14,-5.42,-5.89
2021-07-15,-1.05,-3.4
2021-07-16,-7.6,-8.23
2021-07-17,-31.42,-34.25
2021-07-18,-47.88,-50.15
2021-07-19,-5.0,-3.96
2021-07-20,-0.88,-0.6
2021-07-21,-4.55,-3.22
2021-07-22,-6.93,-4.65
2021-07-23,-4.58,-3.63
2021-07-24,-18.78,-20.19
2021-07-25,-35.0,-36.07
2021-07-26,-8.36,-6.26
2021-07-27,-11.04,-7.36
2021-07-28,-23.42,-16.02
2021-07-29,-59.8,-49.51
2021-07-30,-40.81,-30.35
2021-07-31,-76.66,-68.91
2021-08-01,-48.81,-40.66
2021-08-02,-28.11,-16.41
2021-08-03,-9.61,0.27
2021-08-04,-10.51,0.18
2021-08-05,-15.69,-4.35
2021-08-06,-39.42,-28.59
2021-08-07,-49.26,-41.72
2021-08-08,-104.89,-97.81
2021-08-09,-42.68,-33.29
2021-08-10,-23.53,-11.04
2021-08-11,-16.38,-2.49
2021-08-12,-9.87,3.74
2021-08-13,-18.59,-6.76
2021-08-14,-52.76,-42.58
2021-08-15,-56.82,-45.13
2021-08-16,-53.79,-37.47
2021-08-17,-61.48,-45.65
2021-08-18,-36.9,-24.27
2021-08-19,-12.28,-5.9
2021-08-20,-5.75,4.75
2021-08-21,-16.4,-9.26
2021-08-22,-29.74,-23.4
2021-08-23,-13.85,-5.5
2021-08-24,-19.03,-6.71
2021-08-25,-30.93,-17.7
2021-08-26,-23.77,-9.91
2021-08-27,-24.93,-8.97
2021-08-28,-37.62,-23.85
2021-08-29,-43.11,-28.36
2021-08-30,-18.79,0.11
2021-08-31,-15.31,2.14
2021-09-01,-14.79,4.53
2021-09-02,-10.89,8.09
2021-09-03,-17.64,-0.27
2021-09-04,-22.84,-8.42
2021-09-05,-33.65,-18.36
2021-09-06,-5.01,14.99
2021-09-07,-5.42,15.09
2021-09-08,-11.77,11.19
2021-09-09,-9.2,15.88
2021-09-10,-4.33,25.15
2021-09-11,-15.93,11.98
2021-09-12,-42.05,-12.04
2021-09-13,-8.28,27.55
2021-09-14,-12.8,31.2
2021-09-15,-0.39,56.57
2021-09-16,9.22,50.09
2021-09-17,0.44,46.21
2021-09-18,-29.02,18.99
2021-09-19,-74.94,-21.5
2021-09-20,-24.61,37.56
2021-09-21,-23.17,37.77
2021-09-22,-22.96,31.93
2021-09-23,-93.25,-43.25
2021-09-24,-62.69,-12.23
2021-09-25,-47.97,0.72
2021-09-26,-53.73,-3.17
2021-09-27,-40.12,16.07
2021-09-28,-31.21,29.9
2021-09-29,-66.54,4.76
2021-09-30,-86.86,-18.39
2021-10-01,-116.01,-34.2
2021-10-02,-114.23,-36.54
2021-10-03,-179.27,-102.08
2021-10-04,-64.06,16.74
2021-10-05,-102.28,8.45
2021-10-06,-62.51,54.29
2021-10-07,80.21,174.61
2021-10-08,2.59,80.09
2021-10-09,-60.65,9.52
2021-10-10,-54.65,11.36
2021-10-11,-29.98,35.28
2021-10-12,-31.15,32.62
2021-10-13,-25.83,56.02
2021-10-14,-65.6,32.01
2021-10-15,-98.81,-14.9
2021-10-16,-58.54,23.74
2021-10-17,-73.02,11.31
2021-10-18,-25.31,64.52
2021-10-19,-53.41,34.55
2021-10-20,-152.28,-60.65
2021-10-21,-142.56,-48.71
2021-10-22,-129.2,-42.0
2021-10-23,-63.12,19.69
2021-10-24,-104.51,-23.01
2021-10-25,-31.69,51.78
2021-10-26,-26.0,57.9
2021-10-27,-57.36,25.63
2021-10-28,-26.64,41.74
2021-10-29,-67.27,9.3
2021-10-30,-88.28,-19.21
2021-10-31,-103.19,-39.45
2021-11-01,-61.34,-0.87
2021-11-02,42.38,104.63
2021-11-03,13.16,89.53
2021-11-04,-1.43,70.97
2021-11-05,-14.75,58.77
2021-11-06,-101.49,-28.41
2021-11-07,-146.25,-71.55
2021-11-08,-7.65,71.0
2021-11-09,-10.07,58.97
2021-11-10,6.29,72.16
2021-11-11,12.55,85.9
2021-11-12,-12.44,64.38
2021-11-13,-25.83,52.3
2021-11-14,-16.81,64.09
2021-11-15,38.46,123.35
2021-11-16,18.56,128.35
2021-11-17,-39.68,71.18
2021-11-18,-81.73,28.46
2021-11-19,-73.53,19.28
2021-11-20,-93.14,-3.83
2021-11-21,-56.71,30.09
2021-11-22,33.43,118.53
2021-11-23,28.37,123.4
2021-11-24,53.69,149.6
2021-11-25,23.45,118.72
2021-11-26,-19.36,70.63
2021-11-27,-9.19,85.61
2021-11-28,-15.27,85.38
2021-11-29,45.17,152.64
2021-11-30,-97.39,14.93
2021-12-01,-134.91,-23.38
2021-12-02,-24.41,77.7
2021-12-03,-64.46,35.26
2021-12-04,-16.95,79.53
2021-12-05,-54.29,39.89
2021-12-06,54.61,147.37
2021-12-07,49.44,92.66
2021-12-08,-1.28,55.39
2021-12-09,45.92,157.11
2021-12-10,-3.11,113.91
2021-12-11,8.51,111.37
2021-12-12,-31.66,57.03
2021-12-13,63.94,139.49
2021-12-14,4.25,171.38
2021-12-15,91.46,169.98
2021-12-16,20.53,212.3
2021-12-17,119.16,217.14
2021-12-18,3.22,135.43
2021-12-19,-173.93,-6.59
2021-12-20,0.46,204.03
2021-12-21,40.06,303.92
2021-12-22,39.54,292.88
2021-12-23,41.96,181.74
2021-12-24,-58.57,80.27
2021-12-25,-53.11,80.88
2021-12-26,-75.57,54.76
2021-12-27,-95.82,32.0
2021-12-28,-121.28,-13.75
2021-12-29,-72.78,41.37
2021-12-30,-136.48,-41.8
2021-12-31,-197.61,-102.69
2022-01-01,-122.74,-34.08
2022-01-02,-153.54,-69.95
2022-01-03,-120.36,-40.97
2022-01-04,-60.79,32.12
2022-01-05,-112.5,-18.36
2022-01-06,-35.63,66.52
2022-01-07,-47.0,43.08
2022-01-08,-45.2,42.25
2022-01-09,-61.46,24.64
2022-01-10,56.62,142.5
2022-01-11,63.31,137.18
2022-01-12,47.8,115.17
2022-01-13,-25.55,55.39
2022-01-14,-29.81,50.33
2022-01-15,14.08,85.87
2022-01-16,-62.16,3.02
2022-01-17,-59.28,1.03
2022-01-18,43.67,103.5
2022-01-19,-14.92,41.43
2022-01-20,-68.78,-14.51
2022-01-21,-34.56,25.51
2022-01-22,-27.45,39.39
2022-01-23,-18.89,56.23
2022-01-24,23.97,108.9
2022-01-25,72.18,154.64
2022-01-26,13.37,86.56
2022-01-27,-103.14,-24.83
2022-01-28,-48.38,28.53
2022-01-29,-130.6,-53.84
2022-01-30,-167.43,-90.19
2022-01-31,-27.53,51.29
2022-02-01,-39.49,14.07
2022-02-02,-54.92,-0.77
2022-02-03,-7.21,52.52
2022-02-04,-73.59,-13.58
2022-02-05,-114.99,-59.23
2022-02-06,-149.03,-95.42
2022-02-07,-115.07,-61.53
2022-02-08,-57.65,-10.67
2022-02-09,-20.35,22.95
2022-02-10,6.14,50.3
2022-02-11,-9.52,38.67
2022-02-12,-53.16,-4.32
2022-02-13,-114.74,-63.55
2022-02-14,-98.21,-43.18
2022-02-15,-21.44,13.18
2022-02-16,-59.94,-20.54
2022-02-17,-117.7,-65.58
2022-02-18,-67.91,-20.65
2022-02-19,-145.0,-101.18
2022-02-20,-116.41,-74.6
2022-02-21,-107.36,-66.09
2022-02-22,-75.04,-24.02
2022-02-23,-87.2,-25.89
2022-02-24,-184.8,-41.9
2022-02-25,-105.39,-35.68
2022-02-26,0.82,65.71
2022-02-27,-41.46,20.21
2022-02-28,-14.83,45.1
2022-03-01,-27.99,73.52
2022-03-02,-76.23,61.37
2022-03-03,-16.53,155.32
2022-03-04,-39.6,150.03
2022-03-05,-70.89,135.81
2022-03-06,-91.41,131.12
2022-03-07,-39.03,196.87
2022-03-08,37.79,262.85
2022-03-09,106.56,228.41
2022-03-10,-3.0,82.47
2022-03-11,-217.19,-116.03
2022-03-12,-161.21,-67.16
2022-03-13,-158.19,-72.53
2022-03-14,20.32,96.74
2022-03-15,34.58,128.38
2022-03-16,7.35,87.53
2022-03-17,-18.03,66.33
2022-03-18,-12.81,67.33
2022-03-19,-106.34,-28.84
2022-03-20,-183.83,-108.77
2022-03-21,-22.71,49.86
2022-03-22,3.92,68.81
2022-03-23,-31.89,61.6
2022-03-24,-20.96,65.84
2022-03-25,4.64,76.21
2022-03-26,-50.71,21.28
2022-03-27,-35.22,36.84
2022-03-28,-19.74,52.09
2022-03-29,-2.16,81.44
2022-03-30,-1.4,104.79
2022-03-31,-62.56,43.37
2022-04-01,-100.59,-3.23
2022-04-02,-92.04,3.18
2022-04-03,-83.28,10.0
2022-04-04,-178.56,-87.64
2022-04-05,-68.76,5.86
2022-04-06,-127.11,-54.91
2022-04-07,-170.5,-99.39
2022-04-08,-122.13,-58.24
2022-04-09,-180.41,-117.47
2022-04-10,-162.82,-102.19
2022-04-11,-11.09,45.94
2022-04-12,-54.7,-1.86
2022-04-13,-22.74,36.69
2022-04-14,1.27,40.38
2022-04-15,-33.49,5.49
2022-04-16,-77.25,-36.18
2022-04-17,-117.65,-76.57
2022-04-18,-106.25,-67.59
2022-04-19,-9.49,24.88
2022-04-20,-23.9,7.54
2022-04-21,-38.59,7.42
2022-04-22,-55.81,-20.09
2022-04-23,-133.09,-94.17
2022-04-24,-115.97,-75.99
2022-04-25,0.86,38.96
2022-04-26,-3.59,58.68
2022-04-27,-27.98,44.82
2022-04-28,-8.23,55.2
2022-04-29,-11.0,55.3
2022-04-30,-34.6,33.68
2022-05-01,-37.98,28.27
2022-05-02,-10.55,49.46
2022-05-03,-19.0,35.95
2022-05-04,-15.04,39.82
2022-05-05,-17.0,38.13
2022-05-06,-17.12,28.1
2022-05-07,-35.31,11.82
2022-05-08,-59.17,-14.89
2022-05-09,-8.42,28.59
2022-05-10,-51.54,-2.88
2022-05-11,-67.46,-34.07
2022-05-12,-82.8,-20.15
2022-05-13,-64.29,-16.93
2022-05-14,-77.23,-34.2
2022-05-15,-78.29,-39.59
2022-05-16,-12.84,15.63
2022-05-17,-1.68,22.25
2022-05-18,-19.2,10.04
2022-05-19,-7.37,16.21
2022-05-20,-1.9,11.54
2022-05-21,-104.44,-86.42
2022-05-22,-38.44,-20.81
2022-05-23,-13.01,0.92
2022-05-24,-41.45,-17.21
2022-05-25,-33.5,-0.97
2022-05-26,-141.26,-112.62
2022-05-27,-163.96,-135.01
2022-05-28,-174.41,-143.97
2022-05-29,-55.47,-26.13
2022-05-30,13.65,39.62
2022-05-31,-2.19,13.8
2022-06-01,6.42,26.68
2022-06-02,-16.25,0.61
2022-06-03,-24.05,-4.48
2022-06-04,-43.42,-22.9
2022-06-05,-61.66,-43.06
2022-06-06,-109.22,-95.7
2022-06-07,-15.59,1.09
2022-06-08,-2.91,10.04
2022-06-09,-19.41,5.75
2022-06-10,-15.02,7.31
2022-06-11,-66.63,-39.2
2022-06-12,-84.93,-56.9
2022-06-13,-36.88,-13.85
2022-06-14,-38.1,10.38
2022-06-15,-67.97,19.32
2022-06-16,-87.54,11.93
2022-06-17,-17.99,59.23
2022-06-18,-80.87,1.85
2022-06-19,-124.45,-41.76
2022-06-20,-14.58,62.4
2022-06-21,-0.94,74.9
2022-06-22,29.54,113.83
2022-06-23,-9.9,79.33
2022-06-24,-20.11,64.15
2022-06-25,-55.12,34.62
2022-06-26,-94.95,-5.13
2022-06-27,18.91,103.67
2022-06-28,31.05,117.66
2022-06-29,-3.41,100.48
2022-06-30,5.84,107.42
